{"cameraMode":{"drawMode":0,"name":"Shaded","section":"Shading Mode"},"sceneLighting":true,"audioPlay":false,"sceneViewState":{"showFog":true,"showMaterialUpdate":false,"showSkybox":true,"showFlares":true,"showImageEffects":true,"showParticleSystems":true},"in2DMode":false,"pivot":{"x":790.343505859375,"y":347.97052001953127,"z":13.700927734375},"rotation":{"x":0.059921856969594958,"y":0.03742390125989914,"z":-0.0022481554187834265,"w":0.9974991083145142},"size":1234.5400390625,"orthographic":false}